{"_timestamp":1.7664791288718164e+09,"_step":8767,"_runtime":21907,"tacc":0.7393487095832825,"thresh":1.84375,"loss":4.183418273925781,"sparse":0.02307628095149994,"oacc":0.3707396686077118,"_wandb":{"runtime":21907}}