{"_wandb":{"runtime":619},"_runtime":619,"sparse":0.02423110231757164,"tacc":0.5424689054489136,"oacc":0.4562741219997406,"_timestamp":1.7664929454449258e+09,"_step":256,"loss":240.5166015625}