{"_step":13503,"_wandb":{"runtime":29222},"_runtime":29222,"loss":3.2373485565185547,"thresh":5.15625,"tacc":0.74802565574646,"oacc":0.23124325275421143,"_timestamp":1.766453315856137e+09}