{"_step":36863,"pred_sparse":0.05489044636487961,"tacc":0.5799235701560974,"_runtime":63444,"sparse":0.05596240609884262,"_wandb":{"runtime":63444},"loss":176.2396240234375,"oacc":0.02376656047999859,"_timestamp":1.766692390030177e+09}