{"_wandb":{"runtime":139},"_runtime":139,"_step":19,"loss":0.7457319498062134,"iou":0.00625,"_timestamp":1.7668136834936664e+09}