{"loss":0.4830458164215088,"iou":0.00625,"_timestamp":1.7668173832329478e+09,"_wandb":{"runtime":979},"_runtime":979,"_step":290}