{"thresh":3.390625,"tacc":0.5530503392219543,"oacc":0.42802685499191284,"_timestamp":1.7664219256959703e+09,"_wandb":{"runtime":426},"_runtime":426,"_step":191,"loss":6.457103729248047}