{"oacc":0.4573926031589508,"_timestamp":1.7664214873284945e+09,"_step":63,"loss":7.530172824859619,"thresh":3.078125,"tacc":0.5290381908416748,"_wandb":{"runtime":121},"_runtime":121}