{"thresh":5.96875,"tacc":0.7502003908157349,"oacc":0.2407834231853485,"_timestamp":1.766453332333323e+09,"_step":16959,"_wandb":{"runtime":30815},"_runtime":30815,"loss":3.158811092376709}