{"_runtime":110,"sparse":0.02247297391295433,"tacc":0.5187691450119019,"oacc":0.4618356227874756,"_timestamp":1.7665436726944752e+09,"_step":0,"loss":264.66009521484375,"_wandb":{"runtime":110}}