{"_timestamp":1.766424082131828e+09,"_step":63,"_wandb":{"runtime":184},"_runtime":184,"loss":7.391839504241943,"thresh":2.859375,"tacc":0.5435178279876709,"oacc":0.44981902837753296}