{"_runtime":553,"_step":255,"loss":0.4320716857910156,"thresh":0.369140625,"tacc":0.692079484462738,"oacc":0.32944536209106445,"_timestamp":1.7664190185492208e+09,"_wandb":{"runtime":553}}