{"layer/24/iou":0.41150563955307007,"layer/25/iou":0.4314538836479187,"layer/27/iou":0.4610462784767151,"layer/30/loss":0.09711165726184845,"layer/24/loss":0.13372951745986938,"layer/31/loss":0.09398657828569412,"_timestamp":1.767085447119618e+09,"layer/30/iou":0.5052838325500488,"layer/29/loss":0.1004757285118103,"layer/25/loss":0.12130697816610336,"layer/28/loss":0.11746769398450851,"layer/26/loss":0.12382794916629791,"_step":22148,"layer/28/iou":0.5189782381057739,"_wandb":{"runtime":7147},"layer/27/loss":0.11060552299022675,"_runtime":7147.056254791,"layer/29/iou":0.5498809218406677,"layer/26/iou":0.45891812443733215,"layer/31/iou":0.4734446108341217}