{"_step":127,"loss":5.056982517242432,"_wandb":{"runtime":339},"_runtime":339,"thresh":6.125,"tacc":0.5175180435180664,"oacc":0.48484474420547485,"_timestamp":1.7664219146541557e+09}