{"oacc":0.23927481472492218,"_timestamp":1.7664203566281524e+09,"_step":639,"loss":3.087116241455078,"_wandb":{"runtime":1340},"_runtime":1340,"thresh":6.3125,"tacc":0.7490615248680115}