{"_runtime":29604,"loss":0.29719021916389465,"iou":0.29148964517979015,"_timestamp":1.7668361731389484e+09,"_step":5119,"_wandb":{"runtime":29604}}