{"oacc":0.43398982286453247,"_wandb":{"runtime":437},"_runtime":437,"_timestamp":1.7664229427646017e+09,"_step":191,"loss":6.602150917053223,"thresh":3.078125,"tacc":0.5590547323226929}