{"_step":9215,"loss":37.39840906858444,"tacc":0.8704781532287598,"oacc":0.13451086124405265,"_timestamp":1.7661832269588685e+09,"_wandb":{"runtime":20322},"_runtime":20322}