{"_runtime":11668,"_timestamp":1.7665562345323496e+09,"_step":4143,"loss":118.67133331298828,"sparse":0.02289431355893612,"tacc":0.7410557270050049,"oacc":0.20690113306045532,"_wandb":{"runtime":11668}}